epoch,train_loss,val_loss
12,6.236252374947071e-05,0.00010346037743147463
13,6.018248313921504e-05,0.0001043176234816201
14,5.7536279200576246e-05,8.861051173880696e-05
15,5.571954170591198e-05,9.364074503537267e-05
16,5.483861968968995e-05,8.085989975370467e-05
17,5.251692346064374e-05,0.00010191075125476345
18,4.996509233023971e-05,9.695668995846063e-05
19,4.9978199967881665e-05,8.264632924692705e-05
20,4.970070585841313e-05,9.650786523707211e-05
